{
    "linterOptions": {
        "exclude": [
            "src/api-tests/**"
        ]
    },
    "extends": [
        "tslint-plugin-jasmine"
    ],
    "rules": {
        "adjacent-overload-signatures": true,
        "align": true,
        "array-type": [true, "array"],
        "arrow-parens": true,
        "arrow-return-shorthand": true,
        "await-promise": true,
        "ban": false,
        "ban-types": false,
        "binary-expression-operand-order": true,
        "callable-types": true,
        "class-name": true,
        "comment-format": false,
        "completed-docs": false,
        "curly": [true, "ignore-same-line"],
        "cyclomatic-complexity": true,
        "deprecation": true,
        "encoding": false,
        "eofline": true,
        "expect-matcher": true,
        "file-header": false,
        "forin": true,
        "import-blacklist": [true, "rxjs"],
        "import-spacing": true,
        "indent": [true, "spaces", 4],
        "interface-name": [true, "always-prefix"],
        "interface-over-type-literal": true,
        "jsdoc-format": false,
        "label-position": true,
        "linebreak-style": [true, "CRLF"],
        "match-default-export-name": true,
        "max-classes-per-file": false,
        "max-file-line-count": false,
        "max-line-length": false,
        "member-access": true,
        "member-ordering": [
            true,
            {
                "order": ["static-field", "instance-field", "static-method", "instance-method"]
            }
        ],
        "missing-expect": true,
        "new-parens": true,
        "newline-before-return": false,
        "no-angle-bracket-type-assertion": false,
        "no-any": false,
        "no-arg": true,
        "no-bitwise": true,
        "no-boolean-literal-compare": true,
        "no-conditional-assignment": true,
        "no-consecutive-blank-lines": [true, 2],
        "no-console": [true, "debug", "info", "time", "timeEnd", "trace"],
        "no-construct": true,
        "no-debugger": true,
        "no-default-export": true,
        "no-duplicate-imports": true,
        "no-duplicate-super": true,
        "no-duplicate-variable": true,
        "no-empty-interface": true,
        "no-eval": true,
        "no-expect-in-setup-teardown": true,
        "no-for-in-array": true,
        "no-import-side-effect": false,
        "no-inferrable-types": [true, "ignore-params"],
        "no-inferred-empty-object-type": false,
        "no-internal-module": false,
        "no-invalid-template-strings": true,
        "no-invalid-this": true,
        "no-irregular-whitespace": true,
        "no-magic-numbers": false,
        "no-mergeable-namespace": true,
        "no-misused-new": true,
        "no-namespace": false,
        "no-non-null-assertion": false,
        "no-null-keyword": true,
        "no-object-literal-type-assertion": false,
        "no-parameter-properties": false,
        "no-parameter-reassignment": true,
        "no-reference": true,
        "no-reference-import": true,
        "no-require-imports": false,
        "no-shadowed-variable": true,
        "no-sparse-arrays": true,
        "no-string-literal": true,
        "no-string-throw": true,
        "no-submodule-imports": false,
        "no-switch-case-fall-through": true,
        "no-this-assignment": false,
        "no-trailing-whitespace": true,
        "no-unbound-method": false,
        "no-unnecessary-callback-wrapper": false,
        "no-unnecessary-initializer": true,
        "no-unnecessary-qualifier": true,
        "no-unnecessary-type-assertion": true,
        "no-unsafe-any": false,
        "no-unsafe-finally": true,
        "no-unused-expression": true,
        "no-use-before-declare": true,
        "no-var-keyword": true,
        "no-var-requires": true,
        "no-void-expression": [true, "ignore-arrow-function-shorthand"],
        "number-literal-format": false,
        "object-literal-key-quotes": [true, "as-needed"],
        "object-literal-shorthand": false,
        "object-literal-sort-keys": false,
        "one-line": false,
        "one-variable-per-declaration": true,
        "only-arrow-functions": false,
        "ordered-imports": false,
        "prefer-conditional-expression": true,
        "prefer-const": true,
        "prefer-for-of": true,
        "prefer-function-over-method": false,
        "prefer-method-signature": true,
        "prefer-object-spread": true,
        "prefer-switch": false,
        "prefer-template": false,
        "promise-function-async": true,
        "quotemark": [true, "single"],
        "radix": false,
        "restrict-plus-operands": false,
        "return-undefined": false,
        "semicolon": [true, "always"],"space-before-function-paren": [
            true,
            {
                "anonymous": "always",
                "named": "never",
                "asyncArrow": "always"
            }
        ],
        "space-within-parens": [true, 0],
        "strict-boolean-expressions": false,
        "strict-type-predicates": false,
        "switch-default": true,
        "switch-final-break": false,
        "trailing-comma": [
            true,
            {
                "multiline": "always",
                "singleline": "never"
            }
        ],
        "triple-equals": false,
        "type-literal-delimiter": false,
        "typedef": true,
        "typedef-whitespace": [
            true,
            {
                "call-signature": "nospace",
                "index-signature": "nospace",
                "parameter": "nospace",
                "property-declaration": "nospace",
                "variable-declaration": "nospace"
            }
        ],
        "unified-signatures": true,
        "use-default-type-parameter": true,
        "use-isnan": true,
        "variable-name": [true, "ban-keywords"],
        "whitespace": [true, "check-branch", "check-decl", "check-operator", "check-separator", "check-type"]
    }
}
